{
    "centralized": 0.0024231760494106257,
    "federated": 0.020853095952436736
}